QUEUE/ Request;Concern;ACTION;Email Address;Case Assignment/Email;
Customs Duties and Brokerage-Inclusive Fees;"Customer has a dispute on the Broker Inclusive Fees
• U.S. Import Brokerage (in USD) (Applies to Canada-to-U.S. Shipments):
• Canada Import Brokerage (in CAD) (Applies to U.S.-to-Canada Shipments):
See Rules Tariff 485 for complete details                                                                                                   Customs Duties 
Brokerage Inclusive Fees 
GST Total on Services Fee 
GST/HST Fee ";"Forward the case using Salesforce not Outlook
(copy in the Copy the Customer, Training Team and your Supervisor then close the case)

Make sure to Include the Pro no. or Invoice No. on your email.";desita.sulo@fedex.com;"Hi, 

 

Please assist on the customer’s dispute on Brokerage Inclusive fees and follow up with the customer. 

Case No: XXXXXX 

Pro No: XXXXXXXXXXXX 

 

Thank you, 

EBS Operations - Invoicing Solutions” ";
Customer Solutions Cases;If customer needs to talk to Customer Care or Collections;"Forward the case

Make sure to Include the Pro no. or Invoice No. on your email.";SYSTEM/TECHNICAL ISSUE on stated above requests: We do apologize for the technical difficulties that you are experiencing.  Please call 866-393-4585 for support with your shipment arrangements.;"Hi.

As of 11/02/2020, customersolutions@fedex.com will no longer process the following requests:
 
• Tracking requests (including reconsignments and pro lookups) 
• Rate quotes 
• Pickups
 
For these requests, please use fedex.com or call 1.866.393.4585.

We apologize for the inconvenience.

Thank you,
EBS Operations - Invoicing Solutions ";t
"Delivery Status
Shipping or Delivery Concern";"Customer sent below requests to either fxfrevsoltn@fedex.com or collections@fedex.com

• Delivery Status/Tracking request
• Shipping/Pickup Request or Delivery Concern/Request - additional handling or service
• Will Call Request or Cancellation
• Dock Pickup/Drop-Off Request
• Reconsignment or Return to Shipper Request 
• CHR disposition request of freight
• LTL Rate Quote Request";"Reply to the customer then close the case as denied
1-800-GOFEDEX

NOTE: Make sure that Pro/Freight bill number is provided on the case. We need to identify if shipment is for parcel or freight.

For parcel, please used billing@fedex.com template";;"Hi,

We apologize but we are unable to fulfill your request. Please contact your local service center or call 1-800-GOFEDEX (1.800-463.3339) for further assistance.


Thank you.
EBS Operations - Invoicing Solutions ";
"Customer Service | 
Collections";If customer needs to talk to Customer Care or Collections;Reply to the customer then close the case as denied;"1-800-GOFEDEX
1-800-463-3339";"Hi,

We apologize but we are unable to fulfill your request. Please call 1-800-GOFEDEX (1.800-463.3339) for further assistance.


Thank you.
EBS Operations - Invoicing Solutions ";
Agency Dispute;"Disputes coming from RMS Collect(QNEX Agents)

email of the sender has @iqor.com

Move to Agency Disputes ONLY requests/disputes that are normally handled in BILLING DISPUTES (Rebill, Class, Weight, Surcharge/Accessorial, Service Type, Reference Edit, All Short, Direct Shipment, etc)


DO NOT MOVE cases with requests/disputes to Agency Disputes that are not worked in Billing Disputes such as disputes we move to the following queues. Please move these requests to the appropriate queues.
SBL Email
Pricing 10 pros or less
WRO-HRO-Reweigh Research
WRO Cash Research
WRO-HRO-Freight Research
WRO-HRO-Account Supports
Account Processing
Invoicing Setup
And any non-Billing Dispute queues";Move the Case;fxfrevsoltn@fedex.com;"Case Owner: WRO Main Invoicing
Case Origin: WRO-HRO Agency Dispute
Sub Queue: N/A
";
Billing Dispute;"Billing Dispute Level 1

• Rebill per BOL
• Rebill per LOA
• Rebill per RVSL
• Weight Update per BOL
• Service Level
• Reference Number/Edit
• Change currency
• Intra-Center
NOTE: All rebill requests that include a request to apply rates—without a specific discount or agreement number provided—will be processed under Billing Disputes.


Basic Accessorial:
• High Cost Delivery Fee
• Demand Surcharge
• Zip Service Charge
• Cross-Border Fee
• Canadian Custom Inspection Fee
• Region Mall Fee
";Move the Case;"customersolutions@fedex.com
fxfrevsoltn@fedex.com
collections@fedex.com
(866) 393-4585
(866) 728-5733";"Case Owner: WRO Main Invoicing
Case Origin: WRO Main Invoicing
Sub Queue: FXF Billing Disputes


*Warm transfer is needed when moving the case to Billing Disputes except if the case is from Preprocessing and PPP

No Need to do a Warm Transfer if the movement is within the same Queue.
Example: BD to BD, Pricing to Pricing
";
SBL Emails;"
DETENTION Dispute
- For Document request, move to Invoice Reprint
- For Reference Number such as PO#, follow guidelines in Detention job aid
- For Rebill per LOA, Do not assign the case to Pricing Small or SBL email. Move the case to Dispute 2
Add ""REBILL DETN_"" Keyword at the beginning of the subject line
- For request to apply rates, to pull their contract/agreement - move to SBL Email
Add ""DETN"" Keyword at the beginning of the subject line

COSTCO DETENTION: Please be advised if you see a salesforce case with the subject Costco detention A0 – EDI 210 rejects, which will be submitted by Tammy Smith, possibly once a day, these need to be moved to SBL email sub queue and assigned to Melinda Keeton. Per management she is working these for now.

RESD/LTDD/PORT/EXHIBITION Site Dispute including Special Accounts - only if disputing the validity/pricing/exception of the fee. Rebill request should be handled in Dispute 2.
Add in the subject line
REBILL DETN_
REBILL LTDD_
REBILL RESD_
REBILL PORT/EXHIBITION_
";Move the Case;;"
Case Owner: WRO Main Invoicing
Case Origin: WRO Main Invoicing
Sub Queue: SBL Emails


*Warm transfer is needed when moving the case to SBL Emails except if the case is from Preprocessing and PPP

No Need to do a Warm Transfer if the movement is within the same Queue.
Example: BD to BD, Pricing to Pricing";
Dispute 2;"All disputes related to charges, including pricing issues, should be moved to Dispute 2.

• Liftgate fee
• Inside Delivery
• Lumper
• Early Delivery
• Rebill request for DETN/LTDD/RESD/PORT/EXHIBITION- REBILL REQUEST ONLY
• Redelivery
• Storage
• NOST
• Sort and Segregate
• Notify
• Blind Shipment
• Hazardous Materials
• Inbond fee
• Protect from Freezing
• Non-Business Hrs/Day
• Weighing Service (WGTV
• Handling fee
• Reconsign/Relinquish/RTS - All disputes related to reconsignment Fee should also be moved to Dispute 2(EXCEPT REWEIGH DISPUTE)

Exceptions: CAPL, Invoice Reprint, and International Shipments remain outside Dispute 2.
";"Move the case but make sure to update the Subject line by adding the corresponding keyword based on the Dispute.

•	Liftgate fee – LIFT_
•	Inside Delivery- INSIDE_
•	Lumper- LUMP_
•	Early Delivery- EARLY_
•	Rebill request for DETN/LTDD/RESD/PORT/EXHIBITION
•	REBILL DETN_
•	REBILL LTDD_
•	REBILL RESD_
•	REBILL PORT/EXHIBITION_
•	Redelivery- RDEL_
•	Storage- STOR_
•	NOST- NOST_
•	Sort and Segregate- SSG_
•	Notify- NTFY_
•	Blind Shipment- BLND_
•	Hazardous Materials- HAZMAT_
•	Inbond fee- INBOND_
•	Protect from Freezing- PFF_
•	Non-Business Hrs/Day- NBH_
•	Weighing Service (WGTV)- WGTV_
•	Handling fee- HNDL_
•	Reconsignment- RECON_
";;"Case Owner: WRO Main Invoicing
Case Origin: WRO Main Invoicing
Sub Queue: Dispute 2

Subject: Always enter the appropriate keyword

For pricing-related disputes, include “PRIC” in the subject line.
These cases will be handled by our Pricing Agents.
Example: For a Liftgate exception (either waived or reduced amount), use:
Subject: LIFT PRIC_


*Warm transfer is needed when moving the case to SBL Emails except if the case is from Preprocessing and PPP

No Need to do a Warm Transfer if the movement is within the same Queue.
Example: BD to BD, Pricing to Pricing
";
"Dispute Resolution
";"Level 2 (Dispute Resolution)

• Class Update per BOL/REWE
• Combined Shipments
• Duplicate Shipments
• Suffixes - C0, D0, F0, S0, Y0
• FedEx Direct Shipments
• Freight Box
• Expedited Shipments/Priority Plus
• LTL Rate Quote
• Volume Quote/Volume Shipments
• All Short Shipments
• FedEx Employee Discount
• Fraud
• Void Request
• Tax Disputes
• LTL vs Ground or LTL vs Express

Advanced Accessorial:
• Invalid Credit Taken
• Carrier Liability/Excessive Value
• COD Fee
• Canadian Surcharge
• Overflow Charges
• Shave a Day
";"Move the case but make sure to Update the Subject line by adding the corresponding keyword based on the Dispute

Class Update per BOL/REWE - CLAS_
Combined Shipments - COMB_
Duplicate Shipments - DUP_
Suffixes - C0, D0, F0, S0, Y0 - C0_, D0_, F0_, S0_, Y0_
(whichever is applicable) This is ""Zero"", not ""Letter O""
FedEx Direct Shipments - FXFD_
Freight Box - FBOX_
Expedited Shipments/Priority Plus - EXPEDITED_
LTL Rate Quote - LQ_
Volume Quote - VQ_
Volume Shipment - TLX_
All Short Shipments - SHORT_
FedEx Employee Discount - EMP DISC_
Fraud - FRAUD_
Void Request - VOID_
Tax Disputes - TAX_
LTL vs Ground or LTL vs Express - PARCEL_

Advanced Accessorial:
Invalid Credit Taken - ICT_
Carrier Liability - ELCC_
COD Fee - COD_
Canadian Surcharge - CA FEE_
Overflow Charges - OVERFLOW_
Shave a Day fee - SHAD_
";"customersolutions@fedex.com
fxfrevsoltn@fedex.com
collections@fedex.com
(866) 393-4585
(866) 728-5733";"Case Owner: WRO Main Invoicing
Case Origin: WRO Main Invoicing
Sub Queue: Dispute Resolution


*Warm transfer is needed when moving the case to Dispute Resolution except if the case is from Preprocessing and PPP

No Need to do a Warm Transfer if the movement is within the same Queue.
Example: BD to BD, Pricing to Pricing";
Pricing Small;"•     EARNED or GRACE DISCOUNT: Add EARNED OR GRACE DISCOUNT to the front of the Subject Line of the case
•     Any disputes as long as the customer states that it should be updated per the pricing/agreement/tariff/contract
•     Accessorial/Surcharge Dispute per contract/pricing agreement/tariff: When customer claims that fee should be reduced or removed per contract (Assign to Pricing 10 pros or less)
•     % Discount Dispute for Economy vs Priority
•     Tier/Matrix Dispute
•     FAK Rates Application
•     Lost/Damage/Short Shipment but disputing per their Agreement

Note: If the rebill request includes applying rates with a specific discount or agreement number provided, that is the only time we move it to Pricing.";Move the case;;"(regardless of the No. of Pros)
Case Owner: WRO Main Invoicing 
Case Origin: WRO Main Invoicing
Sub Queue: Pricing Small (Pricing Dispute (10 PROs or less)


*NOTE: If working on multiples PROs and dispute is for both surcharge exception and discount, move all Pros to Main Invoicing > Pricing


*Warm transfer is needed when moving the case to Pricing except if the case is from Preprocessing and PPP

No Need to do a Warm Transfer if the movement is within the same Queue.
Example: BD to BD, Pricing to Pricing";
Rerate Request;"When customer or Sales Rep is requesting to rerate a set of pros(atleast 11 pros or higher) on a particular date to apply pricing.

For Pricing Agents, if you created an EPRT or CHT ticket to resolve the pricing issue of a customers account, advise the Sales Rep to submit a Backdate Rerate Request in order to adjust the pros by rerating them based on the completion date of the EPRT or CHT Ticket.

If you are talking to the customer, clone the case and move the cloned case to Backdate Rerate. Leave an internal comment asking to rerate the pros on the effective date of the EPRT or CHT Ticket.";Move the Case;;"Case Owner: WRO-HRO BackDates
Case Origin: WRO-HRO BackDates
Sub Queue: None

For SRC, move it to LTL Freight Rerate Sub Category";
PPP;"• When a spreadsheet/email contains multiple PROs with different issues that require assistance from Pricing, Invoice Reprint, Account processing, Cash Research, etc.
• Subject shows ""AutoProc Exports Delivery"".  ATTENTION: Check the email locate the Client ID. 
- If it doesn't show 3M, open the attachment to verify the request. 
- If requests should be handled by different subqueue like Billing Dispute, Pricing, Invoice Reprint, move to PPP. 
- If all requests should be handled ONLY by 1 group, move it to the appropriate queue. ";Move the case;;"Case Owner: WRO Main Invoicing
Case Origin: WRO Main Invoicing
Sub Queue: PPP";
"Aging
Effective 10.14.2025";• Request for Aging or Statement of Acct - for invoicing or audit purposes;Move the case;"1.  Do NOT send aging reports to APEX or PRGX
2. Do NOT send requests for reccurring reports of any kind. ";"Case Owner: WRO Main Invoicing
Case Origin: WRO Main Invoicing
Sub Queue: Invoice Reprint


*Warm transfer is needed when moving the case to Invoice Reprint except if the case is from Preprocessing and PPP

No Need to do a Warm Transfer if the movement is within the same Queue.
Example: BD to BD, Pricing to Pricing
";
Consignee 999;"Subject: WRO Main Invoicing - 999 account Updates

Please review the address below for Consignee 999 account purposes";Move the Case ;;"Case Owner: WRO Main Invoicing
Case Origin: WRO Main Invoicing
Sub Queue: 999 Account Update";
Invoice Reprint;"NOTE: NO NEED TO CONFIRM IF PROS ARE BILLING CORRECTLY OR NOT. IF THE REQUEST CLEARLY STATES INVOICE REQUEST, MOVE TO INVOICE REPRINT

• All document Requests from customers except Special Accounts. This should be handled by Special Accounts Sub queue

•  All Document Requests for SPOC Customers (Sealed Air, Echo, Uline, Grainger/Zoro, UBER/Transplace, Berry Global)

• Copies of Invoices and/or Invoices w/ Backup Docs (except for A0 Detention and they are requesting for backup documents of the XREF PROs. Billing Dispute agents should request this. Follow Missing Documents R0 to A0 docs request)

• 210 (EDI) redrops (except REWE cert)

• Request for Manifest Statement

• 2nd, 3rd Multiple request for invoice copies/backup documents.  Review the original case. 
If customer is requesting for REWE cert/Inspection cert and shipment has been  REWE/Inspected, confirm the document is on file.

• Request is ONLY copies of bill of lading and/or delivery receipt - with NO disputes

DUPLICATE REPRINT CASES: Please notify our clients when there are duplicate cases for invoice reprints and the original case is closed as completed.

• Document Request for Missing Documents and Age of Invoice is already more than 90 days.";Move the case;;"Case Owner: WRO Main Invoicing
Case Origin: WRO Main Invoicing
Sub Queue: Invoice Reprint


*Warm transfer is needed when moving the case to Invoice Reprint except if the case is from Preprocessing and PPP

No Need to do a Warm Transfer if the movement is within the same Queue.
Example: BD to BD, Pricing to Pricing
";
Invoicing Setup (Account Maintenance not PRO);"Both Address change & Email Invoicing - should be assigned to Account Processing first to do any account cleanup. 
• Email Invoicing - Request to move from paper invoicing to Email invoices.  (account #) is needed before moving to subque
• Adding/Updating email address that receives invoices
• Link account (link/unlink ABT)
• Invoice Print Group change...MUST  have acc# Statement # shipment number to reference to pull account in system   
• Currency change (NON--EDI) - (US to Canadian funds or vice versa)
• Customer not receiving invoices
• Invoicing Delay questions (NON-EDI) - excluding EDI as these go to EDI-InvandRemit@fedex.com
• Question about consolidated billing
• Invoice cycle or frequency (daily to weekly or vice versa)
• If subject says: Active Wizard Form xxxxxxxxx  Express Freight Shipping Error
• If subject line says “Express Freight Shipping Error” ";Move the case;;"Case Owner: WRO Main Invoicing
Case Origin: WRO Main Invoicing
Sub Queue: Account Processing
";
Account Update;"• Add/update/remove alias name or address, add/update/remove CAC, currency change (Non-EDI),/delete/ reactivate/unarchive account, update email invoicing, contact updates, buyouts or acquisitions
• NON-EDI Account Update (address change, not receiving invoices 
• All Archive/Unarchived Account Request
Both Address change and Email Invoicing - should be assigned to Account Processing first to do any account cleanup. 
• This doesn't include Pricing issue on Account. Pricing issue should be moved to Pricing 10 Pros or less";Move the case;;"Case Owner: WRO Main Invoicing
Case Origin: WRO Main Invoicing
Sub Queue: Account Processing
";
EDI Account Concern/ Update;"• EDI set up for 210 (EDI Invoices), 820 (Remittance)
• EDI Account Concern
- EDI-Address update
- EDI-Currency Updates (US to CA funds or vice versa)
- EDI- Invoicing Delay question
• EDI Invoice Issue/210 Failed/Rejected EDI invoices that cannot be resolved using regular process e.g. missing SI qualifier information in N9 segment, OR This means that the location code we received in your EDI file (shown in the LocNo column) was incorrect.""210 invoices failed due to missing “LADING QUANTITY” and ""PACKAGING FORM CODE"" in L0 segment Error
Home Depot CIM 864 Report

Request to add GL (stands for general location)/Plant Codes/store #";Reply to the customer and closed the case as Denied;EDI-InvandRemit@fedex.com;"Hello,
Thank you for contacting us regarding your FedEx Freight account.  However, we do not handle EDI Account Updates. Please send a new and fresh email to EDI-invandremit@fedex.com. Do not copy or forward this email so it will be properly routed to the EDI team.

You will receive an email from EDI-invandremit@fedex.com when your request has been completed or if more information is required to process your request.

For future inquiries similar to this and to streamline Salesforce cases and to properly document all requests submitted, going forward, please send your concern to EDI-invandremit@fedex.com.
 
Thank you for shipping with FedEx and we hope you have a great day.

EBS Operations - Invoicing Solutions";
Other EDI Account Requests;"EDI for:
• 204 (Pick-up Requests)
• 211 (Bill of Lading)
• 212 (Manifest)
• 214 (Shipment Status) e.g. The required customer duns number is invalid/missing from the file.
• 997 (Acknowledgement)
• 404 (Rail BOL) 
";"Forward the case by doing a Warm Transfer
(copy in the customer & close the case as denied with reason/comment ""forwarded to edihelp@fedex.com)";edihelp@fedex.com;"Hello,
Thank you for contacting us regarding your FedEx Freight account.  However, we do not handle EDI Account Updates. Please send a new and fresh email to edihelp@fedex.com. Do not copy or forward this email so it will be properly routed to the EDI team.

You will receive an email from edihelp@fedex.com when your request has been completed or if more information is required to process your request.

For future inquiries similar to this and to streamline Salesforce cases and to properly document all requests submitted, going forward, please send your conern to edihelp@fedex.com.
 
Thank you for shipping with FedEx and we hope you have a great day.

EBS Operations - Invoicing Solutions";
Overcharge Claim;"• Overcharge claim - customer paid the invoice but a correction is needed which could results in credit balance.
• Customer attached a claim form and the amount is already paid and closed
• Customer is requesting a follow up regarding the status of an Overcharge Claim
• Pro has an OVC pop up restriction









Do not move the case if the disputed invoice is not yet paid and closed. ";Move the case;ovcclaim@fedex.com;"Case Owner: WRO-HRO Overcharge Claim
Case Origin: WRO HRO Overcharge Claim
Sub Queue: OVC Prep";
"
Overage (got delivered some product that was not theirs | Damage Claims | Lost Shipment | Cargo claim";"• Overage (got delivered some product that was not theirs
• Freight was lost during transit or was never delivered or was damaged and customer requests to credit/refund the transportation cost since they have already paid
• Make sure documents are available to support the refused/damaged shipment. DO NOT direct customers to send files to file.freightclaim@fedex.com. That email is specifically for FXF documents not customer's documents.  All  documents must be uploaded via .com.
• Check Shipment History if a Claim was already processed. You may provide this claim number when forwarding to the claims department or when responding to the customer when you want them to ask for update from claims dept
• Freight was damaged and was returned back to the Shipper as FREE ASTRAY (this means free of charge) - and document provides

Please notate that a customer can file a claim for the product itself (what they are talking about in the below) as well as for the freight charges. Both need to be mentioned in the email to claims in order to have a claim started.

NOTE: Please ensure that PRO# is given before forwarding to file.claim.

For returned shipments due to loss/damage/shortage and customer states they have exception that it will be free astray/no charge, move the case to Pricing Small(10 pros or less). They should check the customers agreement to confirm exception and see if Pros can be sent to VOID Queue.";"Forward the case 
(copy in the customer & close the case as denied)
Close the case as denied with comment sent to file.freightclaim  
or

Reply to the customer
(close the case with comment advised to email file.freightclaim) 

NOTE:
If customer claims that they already sent an email to file.freightclaim@fedex.com but didn't get any response, send it to the TRAINING TEAM who will forward to BARBARA LAWS

(do not copy the customer or file.freightclaim@fedex.com when sending to Barbara)";"file.freightclaim@fedex.com
800-308-3963";"[Enter Standard Greeting - Good morning, Good afternoon, Greetings, Hello,]. Did you know that you have the option to file your claims online? Please submit your Claim for lost or damaged packages using the FedEx Online Portal on the FedEx.com website. FedEx Claims Online allows you to file an Express, Ground or Freight claim for any US domestic shipment.  

To File a FedEx Freight Claim or Check Claim Status Online:
Visit www.fedex.com and follow the steps below:
1.	Click on the “Support” drop down menu then select “File a Claim”  
2.	Next, Click Log in to FedEx Freight  
a.	This option also allows you to check the status of your FedEx Freight Claim
3.	For Claims filed through FedEx Freight “My Account”, any supporting documentation needs to be emailed  to file.freightclaim@fedex.com. Please be sure to include the tracking number(s) or Claim Number(s) and we will forward supporting documentation to the assigned agent.
 
You can also complete the Claim Form by clicking File FedEx Claim. Email completed form to File.freightclaim@fedex.com along with any supporting documentation. 

Thank you for choosing FedEx,
EBS Operations - Invoicing Solutions
";
Claims Documents;• When a customer wants to provide additional documentations to support their freight claims;;;"Direct the customer to follow these steps:
• Customer may either google fedex.com/claims and click the first link,
or
enter the URL, https://www.fedex.com/en-us/customer-support/claims.html
• Customer selects “Add to a claim” at the top of the page, then selects “ADD TO CLAIM”.
• Once “ADD TO CLAIM” is selected, the customer will be prompted to enter the Tracking/PRO number and ship date, and should either drag documents or browse for the documents to be uploaded.";
"Money-Back Guarantee (MBG)

GAMD, GTE, CDW";"Customer disputing the following charges:

GAMD (A.M. Delivery),
GTE (Close of Business Delivery), &
CDW (Customer Delivery Window) Appeals";Move the case;expeditedrefund@fedex.com;"Case Owner: FXF Guaranteed Service Dispute
Case Origin: FXF Guaranteed Service Dispute
Sub Queue: None
DO NOT SEND A WARM TRANSFER TO THE CUSTOMER BUT MAKE SURE TO PUT COMPLETE INTERNAL COMMENT WHEN MOVING THE CASE";
Refund / Misapplied or Missing Payment / Apply or Transfer Funds or Credits;"• Request a refund
• Apply a credit, transfer credit from a PRO to another PRO
• Misapplied/Missing Payments (past 7 days)
  -Advise to email arcoa@fedex.com for updates
  -DO NOT Forward the case to arcoa@fedex.com copying the customer
  -If customer responded to the same email but already addressed to arcoa@fedex.com, 
    Move case Cash Research
• Copy of remittance for paid invoices
• Credit Memo - If PRO is paid and close and customer requests a Credit Memo
• Customer claims that they already paid a specific pro and disputing why it is still showing as unpaid(open) on their end.

For OVC Queue - Even if the email is addressed to arcoa@fedex.com, If the disputes is workable under OVC, do not assign to Cash Research
For Absorbed Payments - (CVMTOINC) for processed claims";"
MOVE the case to WRO Cash Research
(Make sure to move the Parent Case)

For Cases involving Multiple Disputes/Request and one needs ot be moved to Cash Research, follow the SOP for Cash Research Related Dispute Job Aid";arcoa@fedex.com;"Case Owner: WRO Cash Research
Case Origin: WRO Cash Research
Case: None";
Credit Card Payment;• Credit card payments (Phone calls only);Reply to the customer then close the case as denied;(866) 756-3590 Opt. 2 ;"Hi,
Please call credit services at 866-756-3590, option 2, to pay your invoices over the phone or mail in a check to the remittance address on the bottom of your invoice.
Thank you,
EBS Operation - Invoicing Solution";
Credit Hold;Customer wants to remove account from credit hold;Reply to the customer then close the case as denied;(866) 756-3590;"Hi,

In order for the credit to be reviewed for your account, please call our Credit Services Dept at 866-756-3590 opt 4 to speak to an agent.   Hours of operation are 7 AM to 5 PM CST

Thank you,
EBS Operation - Invoicing Solution";
ACH/EFT (Electronic Funds Transfer)/Wire Payments;"If customer wants to send FedEx Freight ACH/EFT (Electronic Funds Transfer) or wire payments or requests for Remittance/ACH information or our bank information so they can make payment.

When customer requests for Remittance information such as the following:
• AR Contact's Name:
• AR Dept. Phone Number:
• AR Dept. Email Address:
• Payment Remit Address:
• Corporate Address:";"Reply to the customer then close the case as denied

W9 - Download and attach a copy in your reply

";;"[Enter Standard Greeting - Good morning, Good afternoon, Greetings, Hello,]. Thank you for reaching out with your invoicing question.  

1. For W9 Forms, Click W9 Form Link and new screen will appear. Click FedEx Freight, Inc. Drop-Down Menu and Select the Appropriate FedEx Freight W-9 Link listing your State – form will open based on your location 

2. For ACH or EFT Setup, Go to fedex.com/forms 
3. Under ACH or EFT Setup, Click PAYMENT SETUP 
4. New Screen Will Appear > Using the Drop-Down Menu, Under Request Type, Select:  
Freight (FXF/LTL) ACH/EFT Requests 
5. New Screen Will Appear and based on your Selections, Additional Information Will Appear 
 A. Using the Drop-Down Menu, Under How do you receive your invoices?* Select how your company currently receives invoices: 
 B. Paper Invoice or Freight Billing Online or Freight EDI
 - Using the Drop-Down Menu, Under Are you a U.S. or Canadian Payor?* Select one: U.S. or Canada – if Selected, Move to Step 9 
 C. Based on your U.S. Selections, the Applicable Forms will be available: 
 - Paper Invoice or Freight Billing Online U.S.  – Click Form Link for U.S. EFT Freight Paper Letter 
 - Freight EDI U.S. – Click Form Link for U.S. EDI EFT Letter 

For Canada Customers or U.S. customers needing additional information, Using the Drop-Down Menu, Under Do you need additional information?* Select one: 
 - Require W8/W9 
 - Require bank verification letter 
 - Require ACH/EFT form completed 

Would like to process with CTX bank remittance file 

My question is not listed above – when selected, pop up will appear to enter your company, contact information, and information / assistance required 

Please follow the instructions on the downloaded documents. Going forward, please submit your new requests in a new email without reference to previous cases.  We also ask that you include critical information within the email such as company name, Freight account number, company mailing address and shipping address along with any other relevant information.  This will assist us in providing a faster response time to your concern and reduce the need for further clarification. 

Thank you for choosing FedEx, 
EBS Operations - Invoicing Solutions ";
W8/W-8 or W9/W-9 Form;"Customer asks for W8 or W9 (usually when trying to pay invoices)

W8 - CA
W9 - US

You may also provide the below link to the customer to download W9 Form.

• http://www.fedex.com/us/about/tax/w9.html

If customer is asking to fill out form - Move the PARENT CASE to Cash Research 
(Ask for approval from the Training Team/SME)";"Download, attach a copy and reply to the customer 

*Certificates are also saved in the Training Materials folder ";;;
Mail Payment/ Remittance Processing;"• Customer wants to make payment and asking for remittance/mailing address

With Customer’s payment, Customer must furnish the pro numbers to which Customer’s payment applies. Payment should be sent using Customer’s
remittance advice to one of the following";"Customers who receive their invoices via EDI and remit their payments via paper check should mail payment according to: The state assignment listed above.
Note: Customers using an EDI format for invoicing are required to submit remittance data electronically. Some invoice adjustment requests may also be transmitted electronically";;;
Mail Payment/ Remittance Processing;"• Customer wants to make payment and asking for remittance/mailing address

With Customer’s payment, Customer must furnish the pro numbers to which Customer’s payment applies. Payment should be sent using Customer’s
remittance advice to one of the following";"IF A CUSTOMER IS PAYING A FXF U.S. BILLED INVOICE 
AND THE PAYMENT IS RECEIVED BY:";;THEN REMIT TO:;
Mail Payment/ Remittance Processing;"• Customer wants to make payment and asking for remittance/mailing address

With Customer’s payment, Customer must furnish the pro numbers to which Customer’s payment applies. Payment should be sent using Customer’s
remittance advice to one of the following";FedEx®  Envelope from any state;;"FedEx Freight Lockbox 223125
500 Ross Street
Room 154-0455
Pittsburgh, PA 15262";
Mail Payment/ Remittance Processing;"• Customer wants to make payment and asking for remittance/mailing address

With Customer’s payment, Customer must furnish the pro numbers to which Customer’s payment applies. Payment should be sent using Customer’s
remittance advice to one of the following";"U.S. Postal Service and who is not using electronic data interchange (EDI) and whose billing address is in:
CT, DC, DE, KY, MA, MD, ME, MI, NC, NH, NJ, NY, OH, PA, PR, RI, SC, VA,VT, or WV";;"FedEx Freight
P.O. Box 223125
Pittsburgh, PA 15251-2125";
Mail Payment/ Remittance Processing;"• Customer wants to make payment and asking for remittance/mailing address

With Customer’s payment, Customer must furnish the pro numbers to which Customer’s payment applies. Payment should be sent using Customer’s
remittance advice to one of the following";"U.S. Postal Service and who is not using electronic data interchange (EDI) and whose billing address is in:
AK, AL, AR, CO, FL, GA, IA, ID, IL, IN, KS, LA, MN, MO, MS, MT, ND, NE, NM, OK, SD, TN, TX, WA, WI, or WY";;"FedEx Freight
Dept CH
P.O. Box 10306
Palatine, IL 60055-0306";
Mail Payment/ Remittance Processing;"• Customer wants to make payment and asking for remittance/mailing address

With Customer’s payment, Customer must furnish the pro numbers to which Customer’s payment applies. Payment should be sent using Customer’s
remittance advice to one of the following";"U.S. Postal Service and who is not using electronic data interchange (EDI) and whose billing address is in:
AZ, CA, HI, NV, OR, or UT";;"FedEx Freight
Dept LA
P.O. Box 21415
Pasadena, CA 91185-1415";
Remittance Details;• Customer sent remittance details - these are payments they made so they are just sending or reporting that they made payments;"No further actions needed. Close the case with reason ""Payment Status""";;;
Credit Card Research/ Auto Credit Card;"Customer requests: FREIGHT
• Set up with credit card payments 
• Wanting to make a credit card payment
• Inquiring about charge to credit card processed by Freight

FREIGHT Credit Card Auto Pay/Pre-authorized Payment concerns
• Enroll credit card to auto pay
• Update credit card
• Credit card removal
• Schedule automatic payment";Move the case;freightautocc@fedex.com;"Case Owner: WRO-HRO Credit Card Payments
Case Origin: WRO-HRO Credit Card Payments
Sub Queue: Credit Card Research

***Change the origin first and then change the owner";
Reweigh;"• If shipment has REWE keyword and only when reweighed weight is being disputed. 
• If no REWE keyword but with reweigh cert and disputing the weight
• If no REWE keyword and/or no reweigh cert and disputing the weight > move to Billing Disputes
•  Reweigh Certificate Request - (even weight is not disputed) If initial request - Move to Invoice Reprint

- With REWE keyword, no ADIM keyword but PRO beyond 60 days, and NO REWE CERT, in the meantime, Reweigh team will update weight per BOL using NDOCO
- With REWE keyword but with ADIM keyword, move to Freight Research > Freight Research > Inspection Review

•  Class update per reweigh (Move the case to Billing Disputes and add ""CRU"" at the beginning of the subject line)

SPECIAL ACCOUNTS - if there's a reweigh dispute from the following customers, move the case to Reweigh Review. Do not assign them to the their Respective Agents";Move the case;reweighreviews@fedex.com;"Case Owner: WRO HRO Reweigh Research
Case Origin: WRO HRO Reweigh Research
Sub Queue: Reweigh Review";
Inspection;"Class dispute and PRO has ""CLAS"" keyword or CCD is on the bill, send to WRO-HRO Freight Research queue 
- If NOT and is being disputed per Class, send to Billing Disputes queue
- BUT if the body of the bill has SDIM… the case can go to Billing Disputes                                                                    
• Dims inspections with the keyword ADIM 
• CCD (Cubic Capacity Load) and CAPL (Capacity Load) shipments and dispute is about the following
     - Terms/Code Update( apply better rates)
     - Class/NMFC correction
     -  Surcharge Pricing/Exception
     - Weight or Reweight Dispute
     - Document Request(FACERT or Inspection photo)
• Inspections with the keyword CLAS
• Customer is requesting for the picture of inspected shipments
• Request for inspection ruling
• Any case that is in Freight Research and is asking for an Offer on the shipment should be moved to Inspection Review.  In cases of where the freight charges are extremely high (capload, CCD, and inspections), we will sometimes review the cost of the shipment and provide an offer to the customer in order to get paid.

Move below sample to Invoice Reprint
• Any Documents regarding Inspection such as CAPL or CCD documents or Freight Analysis Certificate regarding Class change
• Requests for Dimension Certificate (with ADIM)
• OVRL/XLGH Documents - Freight Analysis Certificate or DIM/Inspection Photo - 
• Reweigh Document Request but PRO has ADIM keyword and the only imaged doc is DIM Certificate";Move the case;freightresearchreviews@fedex.com;"Case Owner: WRO HRO Freight Research
Case Origin: WRO HRO Freight Research
Sub Queue: Inspection Review

Subject: Enter CAPL in the subject line for valid CAPL shipment";
Inspection;"• CAPL/CCD Inspected PROs - follow guidelines

- If certificate is missing and requested, move to Freight Research > Inspection Review";Follow the updated guidelines on CAPL/CCD;freightresearchreviews@fedex.com;Click HERE for the updated guidelines on CAPL/CCD;
DIMP Rated Shipment;"\If you received a case or dispute from customers regarding the rates of the pro and found that it is rated as FLAT but does not have the following keyword(CAPL, TLX, TLS, CONT, RECP, RECC) meaning they are not rated as Capacity load, Volume Shipment or Reconsignment, check if the pro has a DIMP Keyword.

See sample screenshot below.








Space & Pace is in its pilot phase & is a new way of rating pros using DIMS VS class or NMFC’s.
The DIMP keyword is one of several that are added to the pros when we manually rate them to identify they are rated as Space & Pace.

The customers use LTL Select & in most cases get quotes that are DIM based.
All of these pros are trapped in an RQ queue and manually rated by their agents.";Forward the case;preferredcustomer@fedex.com;"""Hello,
Thank you for contacting us regarding your Fedex Shipment. However, we do not handle Dimensional Rated Shipments so your request has been forwarded to preferredcustomer@fedex.com

You will receive an email from preferredcustomer@fedex.com when your request has been completed or if more information is required to process your request.

For future inquiries similar to this and to streamline Salesforce cases and to properly document all requests submitted, going forward, please send your conern to preferredcustomer@fedex.com.
 
Thank you for shipping with FedEx and we hope you have a great day.

EBS Operations - Invoicing Solutions""";
International Shipments;"• International Shipments: Origin and/or Destination is Alaska, Hawaii, Puerto Rico, Mexico, US Virgin Islands
• International Rate quotes: Alaska, Hawaii, Puerto Rico, Canada & Mexico - case requesting detail for any International Quotes; AK, HI, PR, or D2D US/MX, these should be preprocessed into INTL disputes for review.  They can pull any of the requested quote detail to review or send to customers upon request.";Assign the Case to Intl Pricing Sub Queue;;"Case Owner: WRO Main Invoicing
Case Origin: WRO Main Invoicing
Sub Queue: INTL Pricing Queue
Add ""INTL"" at the beginning of the subject line";
International Billing;• If BOL shows to be billed to a location outside US (except MX and CA), advise customer we do not bill a location outside US. E.g. 8728277924 shows bill to London UK;"Close the case and advise the customer
";;;
Cross-Border (US to CA or CA to US) Shipments Concern;"Customer has question or concern about customs paperwork or documents including where to send them

Provide the email address, fax number and phone number to the customer
- U.S. to Canada: email: FIS@FedEx.com
- Canada to U.S.: email: FISPAPS@FedEx.com";"Close the case and advise the customer
";;"• Shipper can send documents direct to FedEx Freight International at the below
contacts:
- U.S. to Canada: email: FIS@FedEx.com or fax: 870-391-2711
- Canada to U.S.: email: FISPAPS@FedEx.com or fax: 870-414-6175
• For any questions or issues, driver or shipper can reach out to FedEx Freight International at 1-800-351-5187.";
Truckload/ Volume Quote Application;"1. Ensure Volume Quote number (alphanumeric starts with F) is noted on the bill of lading
- Click HERE for guidelines

• Overflow Charge dispute on Volume Shipment
• Intra-Center verification to apply
• Customer requests for a copy of volume quote - customer will need to contact customer service or volume services at volumeservices@fedex.com

* Code Update(same debtor/customer) just for proper billing or for better rates to apply
* Rebill Request per BOL/LOA/RVSL/RECONSIGNMENT for Volume Quote Shipment
* Reference Edits
* Class/Weight Dispute for Volume Shipment(FLAT RATE)
* Reweighed pro
* Request to Apply Volume Quote for an LTL rated Pro
* Accessorial Dispute for a Volume Shipment
* CAPL Shipment but Request is to Apply Volume Quote
* Volume Shipment but Request is to Apply LTL.
* Questions on a Volume Shipment
* Upcharge or Overflow Charge Dispute

* Document Request - Move to Invoice Reprint";"Move the case
";;"Case Owner: WRO Main Invoicing
Case Origin: WRO Main Invoicing
Sub Queue: Dispute Resolution

Put the VQ at the beginning of the subject line";
Parcel Shipments;"• Parcel - FedEx Express, or FedEx Ground Shipments

billing@fedex.com - other Express/Ground shipments/invoices concerns";Forward the case to billing@fedex.com and add the customer in the Additional To field & close the case as DENIED;billing@fedex.com;"Billing@fedex.com - Kindly assist the customer with the request below as it is notdirectly related to Freight LTL shipment. Please respond directly to the customer.  

[Enter Standard Greeting - Good morning, Good afternoon, Greetings, Hello,]. 

The information you provided appears to be for Ground/Express/Parcel shipment(s).

Ground/Express/Parcel shipment requests are handled by our FedEx Express/Parcel Team. I have transferred this case on your behalf to that team. You will receive a new case number for this request. Future communications will be attached to the new case number. You may also call (800) 622-1147 or (800) 463-3339 and select option 2 for assistance.

For future requests regarding Ground/Express/Parcel shipments, please send directly to billing@fedex.com for timely processing.

Thank you for shipping with FedEx and we hope you have a great day.
EBS Operations - Invoicing Solutions";
Parcel Shipments;"• Parcel - FedEx Express, or FedEx Ground Shipments

webmaster@fedex.com - copy of invoices or billing statements
";"Forward the case by doing a Warm Transfer
(add the customer in the Additional To field & close the case as DENIED)";webmaster@fedex.com;"[Enter Standard Greeting - Good morning, Good afternoon, Greetings, Hello,]. 

The information you provided appears to be for Ground/Express/Parcel shipment(s).

Ground/Express/Parcel shipment requests are handled by our FedEx Express/Parcel Team. I have transferred this case on your behalf to that team. You will receive a new case number for this request. Future communications will be attached to the new case number. You may also call (800) 622-1147 or (800) 463-3339 and select option 2 for assistance.

For future requests regarding Ground/Express/Parcel shipments, please send directly to billing@fedex.com for timely processing.

Thank you for shipping with FedEx and we hope you have a great day.
EBS Operations - Invoicing Solutions";
FedEx Trade Networks;"Customer provides an attachment with FedEx Trade Networks stamp and with Invoice number that are alphanumeric.

Even if FTN is not the debtor but still part of the Shipment(either Shipper or Consignee) and disputing the charges on their shipment.

- Disputes for Brokerage Inclusive Fee
- CBM Rates Dispute for Fedex Ocean Import

";"Forward the case 
(copy in the customer & close the case as denied)";ftn_us@fedex.com;"Hi,

Please see the request below and follow up with the customer.

Thank you,
EBS Operation - Invoicing Solution";
Intra-Canada (CA to CA);"Beginning 03/24/2022, all rates and disputes (except documents/invoice requests/Credit memo) for Intra-Canada shipments should be forwarded to domesticrates@fedex.com, copy the customer in. 
Backup documents or invoice request - Move to Invoice Reprint subqueue
Credit Memo - Move the PARENT CASE to Cash Research (Ask for approval first from Training Team or SME)";"Forward the case 
(copy in the customer & close the case as denied)";"domesticrates@fedex.com
(French)

freightinquiry@fedex.com is also under the same umbrella of domesticrates but we need to move to domesticrates";"Hello,
The information you provided appears to be for Intra Canada Shipment. Our department is unable to assist you, so your request has been forwarded to domesticrates@fedex.com.

You will receive an email from domesticrates@fedex.com when your request has been completed or if more information is required to process your request.

For future inquiries similar to this and to streamline Salesforce cases and to properly document all requests submitted, going forward, INTRA Canada Shipment disputes  need to be sent to domesticrates@fedex.com. 
 
Thank you for shipping with FedEx and we hope you have a great day.
EBS Operations - Invoicing Solutions""";
Web Review;"Subject or Body of the Bill says ""Collector Website Review"" or has ""Web Review""";Move the case;;"Case Owner: WRO Main Invoicing
Case Origin: WRO Main Invoicing
Sub Queue: Web Review";
Manifest Statement/ Report;Customer requests for manifest report/statement;;;Tell the customer to use this link https://www.fedex.com/en-us/create-account/account-management.html#freight-shipments and click/use the Gain Insights button to learn more.;
Online Profile;"• Requesting for an assistance to create an online account
• Requesting any assistance about online account
  - Change Password
  - Log in Issue
  - Profile Issue";Reply to the customer then close the case as denied;myaccount@fedex.com;"Hi,

If you need support with website access for your FedEx Freight Account, contact the FBO Freight Billing Online Support Team email: fxf_fbosupport@FedEx.com or call 800.506.7580, Option 3.”

How to Register for (FBO) Freight FedEx Billing Online.
1. Go to https://www.FedEx.com/freightbilling
2. Login (or sign up by clicking “Sign Up Now”)
3. From the “Settings” tab:
a. “Account Management”
b. “Add new Account”
4. Complete the Online Registration
5. Click “Save “

Thank you,
EBS Operation - Invoicing Solution";
FedEx Billing Online (FBO) Account Concern;"Online tool that allows customers to manage their FedEx invoices and payments. It offers features like viewing invoices, scheduling payments, and downloading invoice information. It also allows users to dispute invoices and manage payment profiles, including setting up AutoPay. 

For mor information, you may access - https://www.fedex.com/content/dam/fedex-com/billing/help/FedEx_Billing_Online_User_Guide_en_us.pdf";"Forward the case 
(copy in the customer & close the case as denied)";fxf_fbosupport@fedex.com;"Enter Standard Greeting - Good morning, Good afternoon, Greetings, Hello,].

Thank you for contacting us regarding your FedEx Freight Online account.  Please email fxf_fbosupport@fedex.com for further assistance.

Now, you can view, dispute and make payments on FedEx Billing Online (FBO). FedEx Freight has an FBO Application specific to Freight Invoices. FedEx Freight Invoices cannot be accessed via the same FBO Application that displays Parcel Invoices.

How to Register for (FBO) Freight FedEx Billing Online.
1. Go to https://wwww.fedex.com/freightbilling
2. Login (or sign up by clicking ""Sign Up Now"")
3. From the ""Settings"" tab:
	a. ""Account Management""
	b. ""Add new Account""
4. Complete the Online Registration
5. Click ""Save""

Thank you,
EBS Operation - Invoicing Solution

";
Fedex Ship Manager;"It allows users to prepare shipments, print labels, track packages, manage addresses, and generate reports. It's designed to streamline shipping operations for businesses of all sizes and integrate them with FedEx's services. 

For more information, you may access - https://www.fedex.com/en-us/shipping/ship-manager/online.html#";"Forward the case 
(copy in the customer & close the case as denied)";;"[Enter Standard Greeting - Good morning, Good afternoon, Greetings, Hello,].

For questions or requests regarding the Online Portal for FedEx Ship Manager, please call (800) 435-7949, and Select Option 1 for Technical Support Assistance. 

Thank you for shipping with FedEx and we hope you have a great day.

EBS Operations - Invoicing Solutions";
Customer's Portal Issue;When customer claims that the invoices are not available or not showing on their portal, they may be talking about their own websites and normally, if invoice is not sent via EDI, it will not show on their portal. Check for available EDI billing account ;"1. Check the account where the Pros are billed. Go to Invoice Profile and verify the Invoice/Print group
2. If not on EDI, verify BOL if PROs should be billing to their Billing account that is on EDI. Exhaust resources to locate an EDI account e.g. previous shipments, other shipments paid, etc
3. If none found, advise if that the invoices were sent via Paper or Email, ask for a billing account that is on EDI to get the PROs updated so invoices will start showing on their portal";;;
Certificate of Insurance;Certificate of Insurance Audit request;Reply to the customer then close the case as denied;;"Hi,

Please visit https://www.fedex.com/en-us/trust-center/insurance.html

Thank you,
EBS Operation - Invoicing Solution";
"• Bankruptcy
• Write-Off Submitted
• Remove Account from Agency";Please note if a case is telling us that a write-off has already been submitted for collections, it should be sent to  Valarie Eason.;Forward the case;vfeason@fedex.com;Forward the bankruptcy case to Valarie Eason (vfeason@fedex.com) and close out your case;
Invoice Validation;All cases with “Invoice Validation Error” in the subject line should be moved to Marilyn Mrazik;Move the case;;"Case Owner: Marilyn Mrazik
Case Origin: WRO Main Invoicing
Sub Queue: Blank
";
Fedex Freight Cost;Customer is requesting for their Daily Shipment Information;Reply to the customer then close the case as denied;https://www.fedex.com/en-us/reporting-online.html;"Hi,

Please visit https://www.fedex.com/en-us/reporting-online.html regarding your request.

Thank you,
EBS Operation - Invoicing Solution";
"Disputes for Government Account


";"• All Dispute from Government Accounts

If the current debtor is Non-Government but the correct debtor per BOL is Government, OR if the request is to rebill the Government account per LOA:
o	Rebill to the Government account.
o	If an error message BR0370 appears, move it to the Government Department.
o	If shipment is rated as MRAP after the rebilling request, move it to the Government Department.
o	If no error, proceed with the request as normal.";Move the Case;;"Move to FXF_GOVT

Case Owner: FXF_GOVT
Case Origin: FXF_GOVT
Sub Queue: None

If current debtor is a Non Govt Account but shipment was moved to Government Location, this will not be considered a Government Shipment. DO NOT MOVE THE CASE";
US Bank's ;credit memos for eBill Credit;Move the Case;;"Case Owner: WRO Main Invoicing
Case Origin: WRO FXF USB
Sub-queue: None";
"SPOC Customers

◾Sealed Air
◾Echo Global Logistics
◾Uline
◾Grainger/Zoro
◾UBER/Transplace
◾Berry Global
◾CH Robinson

";"This includes the following.

1. Email domain of the sender shows one of the above companies.
 - Signature of the sender on the email shows they are from the above companies.
 2. Request comes from a Non SPOC customer but the request is to bill one of the listed SPOC Customer above.
   Example: Request is from Blue Grace Logistics(Non-SPOC Customer) but the request is to bill CH Robinson(SPOC Customer).
NOTE:
   A. If the case is still under Preprocessing, no need to review the BOL to confirm if the dispute is valid or not. Just move it right away to LTL Solutions.
   B. If the case is already under Billing Dispute, it is already your responsibility to review the BOL if the request is valid and should really be moved to LT Solutions. DO NOT CLONE ANY CASE FOR CREDIT. But you need to send an email to the Training team regarding the case incorrectly moved by Preprocessing team so Coaching can be provided to the agent.
3. Request comes from the Collector or Sales Rep to bill the SPOC customer, proceed and move it to LTL Solutions.
 - Email address of the sender is @fedex.com
4. Do not close any Duplicate cases for SPOC Customers. Regardless if it is Exact Duplicate, Update Request or Conversation Duplicate, move all the cases to LTL Solution. They will be the one to review the cases to confirm if they are really duplicate or not.";"Move the Case(only cases created starting Oct. 01, 2024)

";;"ALL DISPUTES/REQUESTS (Billing and Pricing disputes, all accessorial charges, write-off, overcharge claims, aging, web review, inspection, invoice reprint, backup documents, etc) received as of 10/01/2024 FROM one of the following customers should be moved to the new team. This also includes disputes FROM NON SPOC Customer but request is to bill invoice to an SPOC CUstomer.

You need to reassign the case.

1. Update record type to WRO-ODC Record Type
 2. Assign to below queue
     Case Owner: WRO-ODC-COORDINATORS17 
     Case Origin: WRO ODC LTL17
 4. If the case is a reopened case, ensure that the status is updated to NEW and delete disposition and closed reason
 
Subject: Include customer name (CHR, ULINE, UBER, SEALED AIR, GRAINGER, ECHO)


*Warm transfer is needed when moving the case to WRO-ODC-COORDINATORS17 except if the case is from Preprocessing and PPP";
"
White Glove Customers
Assign the case to the respective White Glove queue, ONLY if the request COMES FROM these customers (or FedEx agent filing a dispute on behalf of a white glove customer).

Also assign to WG if the disputing party is a Customer of WG and the current debtor is Customer % WG

Example:
Disputing Party: Walmart
Debtor: Walmart % CASS";"Assign to SBL Emails the following surcharge below even the debtor is WG
– Assign only when disputing the validity of the fee. If about pricing/discount or rebill, 
do not move to SBL, move to the appropriate White Glove queue

• Detention (DENP, DUNC, DUNP)
• Limited Access (LTDO, LTDD)
• Residential (RESO, RESD)
• Port (PRTD, PRTO, DOPO, DOPD)
• Exhibition/Convention Center Sites (COBO, JJCC, PRCC, EXBC, EXBS, MCPL)

• FOR INTELLIGENT AUDIT
	
Web Email: from ltlrr@intelligentaudit.com or reporting@app.intelligentaudit.com
 
Subject: (IA_)

It may have FXFE, FXNL, and/or FXFC (with comma or slash)
Their customer is listed inside [ ] with [date range]
Subject lines may not have exact format, but it will ALWAYS have [LTLRR]";"Move the Case to their Respective Sub queue

Assign the case to the respective White Glove queue, ONLY if the request COMES FROM these customers (or FedEx agent filing a dispute on behalf of a white glove customer).";;"All DISPUTES/REQUESTS (Billing and Pricing disputes, all accessorial charges, write-off, backup documents requests, ) received as of 10/20/2025 FROM one of the following customers, this should be move.

     Case Owner :  WRO Main Invoicing
     Case Origin :  WRO Main Invoicing
     SubQueue:      
         Queue - Customer:
         WG001 - E-shipping
         WG002 = Cass
         WG003 - Parker Hannifin % Cass
         WG004 - Lowes
         WG005 - LG Electronics
         WG006 - Intelligent Audit(only Mart will assign the case to WG006)
         WG007- Sherwin Williams


Case is under FPAD Processes – follow your current SOP
Request is under FBO Collections – follow your current SOP
Case is under SRC Freight – follow your current SOP
Overcharge Claim – assign to WRO HRO Overcharge Claim > WRO HRO Overcharge Claim > OVC Prep
Aging – assign to WRO Main Invoicing > WRO Main Invoicing > Invoice Reprint
Web Review – assign to WRO Main Invoicing > WRO Main Invoicing > Web Review
Account Updates – any Account Maintenance such as account changes should be assigned to WRO Main Invoicing > WRO Main Invoicing > Account Processing
Inspection or OVRL/XLGH Disputes – assign to WRO HRO Freight Research > WRO HRO Freight Research > Inspection Review (add the appropriate keyword)
Cash Research – assign to WRO Cash Research > WRO Cash Research > None (do not assign the clone case)
SBL Emails – see below when to assign to WRO Main Invoicing > WRO Main Invoicing > SBL Emails (add the appropriate keyword)  Assign only when disputing the validity of the fee. If about pricing/discount or rebill, 
do not move to SBL, move to the appropriate White Glove queue
";
WG001 E-shipping;"
White Glove Customers
Assign the case to the respective White Glove queue, ONLY if the request COMES FROM these customers (or FedEx agent filing a dispute on behalf of a white glove customer).

Also assign to WG if the disputing party is a Customer of WG and the current debtor is Customer % WG

Example:
Disputing Party: Walmart
Debtor: Walmart % EShipping";"Move the Case to their Respective Sub queue

Subject: Include customer name (Eshipping_, CASS, PH_, HD_, RRD_, IA_, SW_)

*Warm transfer is needed when moving the case to WRO WG except if the case is from Preprocessing and PPP";;"All DISPUTES/REQUESTS (Billing and Pricing disputes, all accessorial charges, write-off, backup documents requests, ) received as of 10/20/2025 FROM one of the following customers, this should be move.

     Case Owner :  WRO Main Invoicing
     Case Origin :  WRO Main Invoicing
     SubQueue:      
         Queue - Customer:
         WG001 - E-shipping
         WG002 = Cass
         WG003 - Parker Hannifin % Cass
         WG004 - Lowes
         WG005 - LG Electronics
         WG006 - Intelligent Audit(only Mart will assign the case to WG006)
         WG007- Sherwin Williams


Case is under FPAD Processes – follow your current SOP
Request is under FBO Collections – follow your current SOP
Case is under SRC Freight – follow your current SOP
Overcharge Claim – assign to WRO HRO Overcharge Claim > WRO HRO Overcharge Claim > OVC Prep
Aging – assign to WRO Main Invoicing > WRO Main Invoicing > Invoice Reprint
Web Review – assign to WRO Main Invoicing > WRO Main Invoicing > Web Review
Account Updates – any Account Maintenance such as account changes should be assigned to WRO Main Invoicing > WRO Main Invoicing > Account Processing
Inspection or OVRL/XLGH Disputes – assign to WRO HRO Freight Research > WRO HRO Freight Research > Inspection Review (add the appropriate keyword)
Cash Research – assign to WRO Cash Research > WRO Cash Research > None (do not assign the clone case)
SBL Emails – see below when to assign to WRO Main Invoicing > WRO Main Invoicing > SBL Emails (add the appropriate keyword)  Assign only when disputing the validity of the fee. If about pricing/discount or rebill, 
do not move to SBL, move to the appropriate White Glove queue
";
WG002 Cass;"
White Glove Customers
Assign the case to the respective White Glove queue, ONLY if the request COMES FROM these customers (or FedEx agent filing a dispute on behalf of a white glove customer).

Also assign to WG if the disputing party is a Customer of WG and the current debtor is Customer % WG

Example:
Disputing Party: Walmart
Debtor: Walmart % CASS";"Move the Case to their Respective Sub queue

Subject: Include customer name (Eshipping_, CASS, PH_, HD_, RRD_, IA_, SW_)

*Warm transfer is needed when moving the case to WRO WG except if the case is from Preprocessing and PPP";;"All DISPUTES/REQUESTS (Billing and Pricing disputes, all accessorial charges, write-off, backup documents requests, ) received as of 10/20/2025 FROM one of the following customers, this should be move.

     Case Owner :  WRO Main Invoicing
     Case Origin :  WRO Main Invoicing
     SubQueue:      
         Queue - Customer:
         WG001 - E-shipping
         WG002 = Cass
         WG003 - Parker Hannifin % Cass
         WG004 - Lowes
         WG005 - LG Electronics
         WG006 - Intelligent Audit(only Mart will assign the case to WG006)
         WG007- Sherwin Williams


Case is under FPAD Processes – follow your current SOP
Request is under FBO Collections – follow your current SOP
Case is under SRC Freight – follow your current SOP
Overcharge Claim – assign to WRO HRO Overcharge Claim > WRO HRO Overcharge Claim > OVC Prep
Aging – assign to WRO Main Invoicing > WRO Main Invoicing > Invoice Reprint
Web Review – assign to WRO Main Invoicing > WRO Main Invoicing > Web Review
Account Updates – any Account Maintenance such as account changes should be assigned to WRO Main Invoicing > WRO Main Invoicing > Account Processing
Inspection or OVRL/XLGH Disputes – assign to WRO HRO Freight Research > WRO HRO Freight Research > Inspection Review (add the appropriate keyword)
Cash Research – assign to WRO Cash Research > WRO Cash Research > None (do not assign the clone case)
SBL Emails – see below when to assign to WRO Main Invoicing > WRO Main Invoicing > SBL Emails (add the appropriate keyword)  Assign only when disputing the validity of the fee. If about pricing/discount or rebill, 
do not move to SBL, move to the appropriate White Glove queue
";
WG003 Parker Hannifin;"
White Glove Customers
Assign the case to the respective White Glove queue, ONLY if the request COMES FROM these customers (or FedEx agent filing a dispute on behalf of a white glove customer).

Also assign to WG if the disputing party is a Customer of WG and the current debtor is Customer % WG

Example:
Disputing Party: Walmart
Debtor: Walmart % Parker Hannifin";"Move the Case to their Respective Sub queue

Subject: Include customer name (Eshipping_, CASS, PH_, HD_, RRD_, IA_, SW_)

*Warm transfer is needed when moving the case to WRO WG except if the case is from Preprocessing and PPP";;"All DISPUTES/REQUESTS (Billing and Pricing disputes, all accessorial charges, write-off, backup documents requests, ) received as of 10/20/2025 FROM one of the following customers, this should be move.

     Case Owner :  WRO Main Invoicing
     Case Origin :  WRO Main Invoicing
     SubQueue:      
         Queue - Customer:
         WG001 - E-shipping
         WG002 = Cass
         WG003 - Parker Hannifin % Cass
         WG004 - Lowes
         WG005 - LG Electronics
         WG006 - Intelligent Audit(only Mart will assign the case to WG006)
         WG007- Sherwin Williams


Case is under FPAD Processes – follow your current SOP
Request is under FBO Collections – follow your current SOP
Case is under SRC Freight – follow your current SOP
Overcharge Claim – assign to WRO HRO Overcharge Claim > WRO HRO Overcharge Claim > OVC Prep
Aging – assign to WRO Main Invoicing > WRO Main Invoicing > Invoice Reprint
Web Review – assign to WRO Main Invoicing > WRO Main Invoicing > Web Review
Account Updates – any Account Maintenance such as account changes should be assigned to WRO Main Invoicing > WRO Main Invoicing > Account Processing
Inspection or OVRL/XLGH Disputes – assign to WRO HRO Freight Research > WRO HRO Freight Research > Inspection Review (add the appropriate keyword)
Cash Research – assign to WRO Cash Research > WRO Cash Research > None (do not assign the clone case)
SBL Emails – see below when to assign to WRO Main Invoicing > WRO Main Invoicing > SBL Emails (add the appropriate keyword)  Assign only when disputing the validity of the fee. If about pricing/discount or rebill, 
do not move to SBL, move to the appropriate White Glove queue
";
WG004 Lowes;"
White Glove Customers
Assign the case to the respective White Glove queue, ONLY if the request COMES FROM these customers (or FedEx agent filing a dispute on behalf of a white glove customer).

Also assign to WG if the disputing party is a Customer of WG and the current debtor is Customer % WG

Example:
Disputing Party: Walmart
Debtor: Walmart % Lowes";"Move the Case to their Respective Sub queue

Subject: Include customer name (Eshipping_, CASS, PH_, HD_, RRD_, IA_, SW_)

*Warm transfer is needed when moving the case to WRO WG except if the case is from Preprocessing and PPP";;"All DISPUTES/REQUESTS (Billing and Pricing disputes, all accessorial charges, write-off, backup documents requests, ) received as of 10/20/2025 FROM one of the following customers, this should be move.

     Case Owner :  WRO Main Invoicing
     Case Origin :  WRO Main Invoicing
     SubQueue:      
         Queue - Customer:
         WG001 - E-shipping
         WG002 = Cass
         WG003 - Parker Hannifin % Cass
         WG004 - Lowes
         WG005 - LG Electronics
         WG006 - Intelligent Audit(only Mart will assign the case to WG006)
         WG007- Sherwin Williams


Case is under FPAD Processes – follow your current SOP
Request is under FBO Collections – follow your current SOP
Case is under SRC Freight – follow your current SOP
Overcharge Claim – assign to WRO HRO Overcharge Claim > WRO HRO Overcharge Claim > OVC Prep
Aging – assign to WRO Main Invoicing > WRO Main Invoicing > Invoice Reprint
Web Review – assign to WRO Main Invoicing > WRO Main Invoicing > Web Review
Account Updates – any Account Maintenance such as account changes should be assigned to WRO Main Invoicing > WRO Main Invoicing > Account Processing
Inspection or OVRL/XLGH Disputes – assign to WRO HRO Freight Research > WRO HRO Freight Research > Inspection Review (add the appropriate keyword)
Cash Research – assign to WRO Cash Research > WRO Cash Research > None (do not assign the clone case)
SBL Emails – see below when to assign to WRO Main Invoicing > WRO Main Invoicing > SBL Emails (add the appropriate keyword)  Assign only when disputing the validity of the fee. If about pricing/discount or rebill, 
do not move to SBL, move to the appropriate White Glove queue
";
WG005 LG Electronics;"
White Glove Customers
Assign the case to the respective White Glove queue, ONLY if the request COMES FROM these customers (or FedEx agent filing a dispute on behalf of a white glove customer).

Also assign to WG if the disputing party is a Customer of WG and the current debtor is Customer % WG

Example:
Disputing Party: Walmart
Debtor: Walmart % LG Electronics";"Move the Case to their Respective Sub queue

Subject: Include customer name (Eshipping_, CASS, PH_, HD_, RRD_, IA_, SW_)

*Warm transfer is needed when moving the case to WRO WG except if the case is from Preprocessing and PPP";;"All DISPUTES/REQUESTS (Billing and Pricing disputes, all accessorial charges, write-off, backup documents requests, ) received as of 10/20/2025 FROM one of the following customers, this should be move.

     Case Owner :  WRO Main Invoicing
     Case Origin :  WRO Main Invoicing
     SubQueue:      
         Queue - Customer:
         WG001 - E-shipping
         WG002 = Cass
         WG003 - Parker Hannifin % Cass
         WG004 - Lowes
         WG005 - LG Electronics
         WG006 - Intelligent Audit(only Mart will assign the case to WG006)
         WG007- Sherwin Williams


Case is under FPAD Processes – follow your current SOP
Request is under FBO Collections – follow your current SOP
Case is under SRC Freight – follow your current SOP
Overcharge Claim – assign to WRO HRO Overcharge Claim > WRO HRO Overcharge Claim > OVC Prep
Aging – assign to WRO Main Invoicing > WRO Main Invoicing > Invoice Reprint
Web Review – assign to WRO Main Invoicing > WRO Main Invoicing > Web Review
Account Updates – any Account Maintenance such as account changes should be assigned to WRO Main Invoicing > WRO Main Invoicing > Account Processing
Inspection or OVRL/XLGH Disputes – assign to WRO HRO Freight Research > WRO HRO Freight Research > Inspection Review (add the appropriate keyword)
Cash Research – assign to WRO Cash Research > WRO Cash Research > None (do not assign the clone case)
SBL Emails – see below when to assign to WRO Main Invoicing > WRO Main Invoicing > SBL Emails (add the appropriate keyword)  Assign only when disputing the validity of the fee. If about pricing/discount or rebill, 
do not move to SBL, move to the appropriate White Glove queue
";
WG006 Intelligent Audit;"
White Glove Customers
Assign the case to the respective White Glove queue, ONLY if the request COMES FROM these customers (or FedEx agent filing a dispute on behalf of a white glove customer).

Also assign to WG if the disputing party is a Customer of WG and the current debtor is Customer % WG

Example:
Disputing Party: Walmart
Debtor: Walmart % Intelligent Audit";"Move the Case to their Respective Sub queue

Subject: Include customer name (Eshipping_, CASS, PH_, HD_, RRD_, IA_, SW_)

*Warm transfer is needed when moving the case to WRO WG except if the case is from Preprocessing and PPP";;"For Preprocessing Team, For Intelligent Audit
    Case Owner : Mart Bermejo
    Case Origin :  WRO Main Invoicing
    Intelligent Audit – No SubQueue

Case is under FPAD Processes – follow your current SOP
Request is under FBO Collections – follow your current SOP
Case is under SRC Freight – follow your current SOP
Overcharge Claim – assign to WRO HRO Overcharge Claim > WRO HRO Overcharge Claim > OVC Prep
Aging – assign to WRO Main Invoicing > WRO Main Invoicing > Invoice Reprint
Web Review – assign to WRO Main Invoicing > WRO Main Invoicing > Web Review
Account Updates – any Account Maintenance such as account changes should be assigned to WRO Main Invoicing > WRO Main Invoicing > Account Processing
Inspection or OVRL/XLGH Disputes – assign to WRO HRO Freight Research > WRO HRO Freight Research > Inspection Review (add the appropriate keyword)
Cash Research – assign to WRO Cash Research > WRO Cash Research > None (do not assign the clone case)
SBL Emails – see below when to assign to WRO Main Invoicing > WRO Main Invoicing > SBL Emails (add the appropriate keyword)";
WG007 Sherwin Williams;"
White Glove Customers
Assign the case to the respective White Glove queue, ONLY if the request COMES FROM these customers (or FedEx agent filing a dispute on behalf of a white glove customer).

Also assign to WG if the disputing party is a Customer of WG and the current debtor is Customer % WG

Example:
Disputing Party: Walmart
Debtor: Walmart % Sherwin Williams";"Move the Case to their Respective Sub queue

Subject: Include customer name (Eshipping_, CASS, PH_, HD_, RRD_, IA_, SW_)

*Warm transfer is needed when moving the case to WRO WG except if the case is from Preprocessing and PPP";;"All DISPUTES/REQUESTS (Billing and Pricing disputes, all accessorial charges, write-off, backup documents requests, ) received as of 10/20/2025 FROM one of the following customers, this should be move.

     Case Owner :  WRO Main Invoicing
     Case Origin :  WRO Main Invoicing
     SubQueue:      
         Queue - Customer:
         WG001 - E-shipping
         WG002 = Cass
         WG003 - Parker Hannifin % Cass
         WG004 - Lowes
         WG005 - LG Electronics
         WG006 - Intelligent Audit(only Mart will assign the case to WG006)
         WG007- Sherwin Williams


Case is under FPAD Processes – follow your current SOP
Request is under FBO Collections – follow your current SOP
Case is under SRC Freight – follow your current SOP
Overcharge Claim – assign to WRO HRO Overcharge Claim > WRO HRO Overcharge Claim > OVC Prep
Aging – assign to WRO Main Invoicing > WRO Main Invoicing > Invoice Reprint
Web Review – assign to WRO Main Invoicing > WRO Main Invoicing > Web Review
Account Updates – any Account Maintenance such as account changes should be assigned to WRO Main Invoicing > WRO Main Invoicing > Account Processing
Inspection or OVRL/XLGH Disputes – assign to WRO HRO Freight Research > WRO HRO Freight Research > Inspection Review (add the appropriate keyword)
Cash Research – assign to WRO Cash Research > WRO Cash Research > None (do not assign the clone case)
SBL Emails – see below when to assign to WRO Main Invoicing > WRO Main Invoicing > SBL Emails (add the appropriate keyword)  Assign only when disputing the validity of the fee. If about pricing/discount or rebill, 
do not move to SBL, move to the appropriate White Glove queue
";
Williams & Associates;"ALL Cases from/for Williams & Associate
Case Owner: Raymund Talavera
Case Origin: WRO Main Invoicing
Sub Queue: NO SUB-QUEUE

TO EVERYONE - Anything that Raymund assigns to another queue should not be moved back to him";ALL DISPUTES from/for William & Associates (@waionline.com) should be moved to Raymund Talavera who will preprocess/PPP the case;;"To Raymund (RK)
• Assign cases with subject ""ABB EDI Rejects"" to your name under FXF Billing Disputes
• For other cases, assign to the appropriate queue";
LG Electronics;ALL DISPUTES from/for LG (@lge.com, @lgcns or @cnspartner.com) should be moved to Errold David who will preprocess/PPP the case;Move the Case except if assigned by Errold to other queue;;"To Errold
• Assign cases with subjects below to your name under FXF Billing Disputes
  ""LG UNMATCHED""
  ""US_DAILY_OPEN_INVOICE_FXFE""
   ""RETURN"" (related to return Load IDs)
• For other cases, assign to the appropriate queue

ALL Cases from/for LG
Case Owner: Errold David
Case Origin: WRO Main Invoicing
Sub Queue: NO SUB-QUEUE";
Ryder;"ALL Cases from/for RYDER with the following Subject
Case Owner: Angelito Pineda
Case Origin: WRO Main Invoicing
Sub Queue: NO SUB-QUEUE

TO EVERYONE - Anything that Angelito assigns to another queue should not be moved back to him";"Disputes with the following Subject should be moved to Angelito Pineda who will preprocess/PPP the case.

""Ryder Weekly Cut Bills""
""Freight Bill Reject Notification""
""Ryder Weekly Rejected Bills""

Other case with different subject for Ryder should be assign to regular queues based on Dispute(Billing Disput, Pricing, Reweigh, Inspection, SBL)";;"To Angel
• Assign cases with subject ""Freight bill reject notification"" to your name under FXF Billing Disputes
• Assign cases with subject ""Ryder Weekly Cut Bills"" to your name under Pricing 10 Pros or Less
• For other cases, assign to the appropriate queue
";
Nolan & Cunnings;"ALL Cases from/for NOLANS & CUNNINGS
Case Owner: Camille Ocampo
Case Origin: WRO Main Invoicing
Sub Queue: NO SUB-QUEUE

TO EVERYONE - Anything that Camille assigns to another queue should not be moved back to her";Move the Case;;"To Camille
• Assign cases with subject ""Daily Rejected Bills listing for mm/dd/yyyy"" to your name under FXF Billing Disputes or Pricing 10 Pros or less, depending on the dispute types
• For other cases, assign to the appropriate queue";
3M;"3M AutoProc Exports Delivery
***If Client ID shows 3MCP and HCS16, move to Mart Bermejo

***If AutoProc email doesn't have 3M in the Client ID, move to the appropriate queue

***OTHER subject lines or OTHER 3M Disputes should be moved to the appropriate queue";"PREPROCESSING
ONLY 3M with subject line ""AUTOPROC EXPORTS DELIVERY"" (from @data2logistics.com) AND Client ID has 3M should be assigned to Mart
Case Owner: Mart Bermejo
Case Origin: WRO Main Invoicing
Sub Queue: NO SUB-QUEUE

IF NOT 3M AUTOPROC EXPORTS DELIVERY, move to the appropriate queue
";;"To Mart
• Assign cases for 3M AutoProc Exports to your name under FXF Billing Disputes or Pricing 10 Pros or less, depending on the dispute types
• For other cases, assign to the appropriate queue";
PENSKE;"All disputes from/for PENSKE (@penske.com) should be moved to Rhoda Lyn Garcia who will preprocess/PPP the case.

TO EVERYONE - For PENSKE, anything that Rhoda assigns to another queue should not be moved back to them. Work on the case as usual.
";Move the Case except if assigned by Rhoda to other queue;;"To Rhoda
• Assign cases with subject below to your name and/or Rhoda Lynne Garcia under FXF Billing Disputes or Pricing 10 Pros or less, depending on the dispute types
   ""FXFE WEEKLY MM.DD.YYYY""
   ""FXNL WEEKLY MM.DD.YYYY""
• For other cases, assign to the appropriate queue";
COSTCO;All disputes from/for COSTCO  should be moved to Tyron Canlas. ;Move the Case;;"To Tyron, please handle all BD, DR and Pricing Related Disputes

Case Owner: Tyron Canlas
Case Origin: WRO Main Invoicing
Sub Queue: NO SUB-QUEUE

When responding, make sure to send the email to costcotrafficltl@costco.com";

